{"cameraMode":{"drawMode":0,"name":"Shaded","section":"Shading Mode"},"sceneLighting":false,"audioPlay":false,"sceneViewState":{"showFog":true,"showMaterialUpdate":false,"showSkybox":true,"showFlares":true,"showImageEffects":true,"showParticleSystems":true},"in2DMode":false,"pivot":{"x":22.34035301208496,"y":15.476255416870118,"z":17.6918888092041},"rotation":{"x":-0.17634136974811555,"y":0.8234509229660034,"z":-0.3710043132305145,"w":-0.3913925588130951},"size":8.93510913848877,"orthographic":false}