{"cameraMode":{"drawMode":0,"name":"Shaded","section":"Shading Mode"},"sceneLighting":true,"audioPlay":false,"sceneViewState":{"showFog":true,"showMaterialUpdate":false,"showSkybox":true,"showFlares":true,"showImageEffects":true,"showParticleSystems":true},"in2DMode":false,"pivot":{"x":2.5999999046325685,"y":2.200000047683716,"z":-2.999999523162842},"rotation":{"x":-0.06381932646036148,"y":-0.0329265296459198,"z":0.0021141546312719585,"w":-0.9974159598350525},"size":5.715769290924072,"orthographic":true}